[{"D:\\\u5b66\u4e60\u8d44\u6599\\rescource\\\u4ee5\u524dwww\u91cc\u9762\u7684\u5185\u5bb9\\valdate\\label.html": "GBK"}, {"C:\\Users\\qw\\Desktop\\fanke\\fanke.html": "GBK"}, {"C:\\Users\\qw\\Desktop\\\u51e1\u5ba2\\css\\fanke.css": "GBK"}, {"C:\\Users\\qw\\Desktop\\\u51e1\u5ba2\\fanke.html": "GBK"}, {"D:\\\u5b66\u4e60\u8d44\u6599\\Javascrip\u7ec3\u4e60\\abt\u6e90\\js\\functions.js": "GBK"}, {"C:\\Users\\qw\\Desktop\\webstrome\\js\\function.js": "GBK"}, {"D:\\\u5b66\u4e60\u8d44\u6599\\javascript\u8bfe\u4ef6\\\u65b0\u7248\u8bfe\u4ef6ppt\\\u7b2c10\u5929\\node.html": "GBK"}, {"C:\\Users\\qw\\Desktop\\one.html": "GBK"}, {"C:\\Users\\qw\\Desktop\\\u65b0\u5efa\u6587\u672c\u6587\u6863.html": "GBK"}, {"C:\\Users\\qw\\Desktop\\function.js": "GBK"}, {"C:\\Users\\qw\\Desktop\\lunbo3.html": "GBK"}, {"C:\\Users\\qw\\Desktop\\demo\\js\\function.js": "GBK"}, {"C:\\Users\\qw\\Desktop\\1501\\5.21\\demo\\js\\function.js": "GBK"}, {"D:\\\u5b66\u4e60\u8d44\u6599\\Javascrip\u7ec3\u4e60\\abt\\js\\functions.js": "GBK"}, {"C:\\Users\\qw\\Desktop\\animate.js": "GBK"}, {"D:\\\u5b66\u4e60\u8d44\u6599\\Javascrip\u7ec3\u4e60\\abt\u6e90\\js\\animate.js": "GBK"}, {"C:\\Users\\qw\\Desktop\\WUIF1501\\4.29\\function.js": "GBK"}, {"C:\\Users\\qw\\Desktop\\\u4f5c\u4e1a\\Tmall.com\\js\\tianmao.js": "GBK"}, {"D:\\\u5b66\u4e60\u8d44\u6599\\javascript\u8bfe\u4ef6\\\u65b0\u7248\u8bfe\u4ef6ppt\\\u7b2c13\u5929\\\u7559\u8a00\\js\\delEmpty.js": "GBK"}, {"D:\\\u5b66\u4e60\u8d44\u6599\\Javascrip\u7ec3\u4e60\\\u653e\u5927\u955c \u62d6\u62fd \u5fae\u535a\\\u7559\u8a00\\js\\delEmpty.js": "GBK"}, {"D:\\\u5b66\u4e60\u8d44\u6599\\javascript\u8bfe\u4ef6\\\u65b0\u7248\u8bfe\u4ef6ppt\\\u7b2c13\u5929\\function.js": "GBK"}, {"C:\\Users\\qw\\Desktop\\WUIF1501\\4.28\\function.js": "GBK"}, {"C:\\Users\\qw\\Desktop\\WUIF1501\\4.28\\drag.html": "GBK"}, {"C:\\Users\\qw\\Desktop\\WUIF1501\\4.28\\animate.js": "GBK"}, {"C:\\Users\\qw\\Desktop\\WUIF1501\\4.28\\lunbo3.html": "GBK"}, {"E:\\\u5b66\u4e60\\css3\u684c\u9762\\square.html": "GBK"}, {"D:\\wamp\\www\\jquery-qj\\pass.html": "GBK"}, {"D:\\wamp\\www\\ajax-form1\\form.html": "GBK"}, {"F:\\form\\form.html": "GBK"}, {"D:\\wamp\\www\\jquery\\pass.html": "GBK"}, {"E:\\\u5e74\u540e\u5b66\u4e60\\tm0312--\u4f5c\u4e1a\u4ea4\\js\\functions.js": "GBK"}, {"C:\\Users\\dell\\Desktop\\tm0312--\u4f5c\u4e1a\u4ea4\\js\\animate.js": "GBK"}, {"C:\\Users\\dell\\Desktop\\tm0312--\u4f5c\u4e1a\u4ea4\\js\\functions.js": "GBK"}, {"C:\\Users\\dell\\Desktop\\tm0312\\js\\functions.js": "GBK"}, {"E:\\\u5e74\u540e\u5b66\u4e60\\document\\obj-ld-\u9009\u9879\u5361\\obj.html": "GBK"}, {"C:\\Users\\dell\\Desktop\\data\\form-city1-json.html": "GBK"}, {"C:\\Users\\dell\\Desktop\\data\\form-city2-arr.html": "GBK"}, {"C:\\Users\\dell\\Desktop\\tm0312\\js\\animate.js": "GBK"}, {"C:\\Users\\dell\\Desktop\\event\\functions.js": "GBK"}, {"C:\\Users\\dell\\Desktop\\tianmao---buju--texiao\\js\\functions.js": "GBK"}, {"C:\\Users\\dell\\Desktop\\event\\tuodong\\shijianduixiang.html": "GBK"}, {"C:\\Users\\dell\\Desktop\\\u697c\u5c42\u8df3\u8f6c\u8fd4\u56de\u9876\u90e8\\demo.html": "GBK"}, {"C:\\Users\\dell\\Desktop\\tianmao---buju--texiao\\js\\animate.js": "GBK"}, {"C:\\Users\\dell\\Desktop\\jiedian\\functions.js": "GBK"}, {"C:\\Users\\\u5f20\u664b\u5b66\\Desktop\\\u5929\u732b\\js\\index.js": "GBK"}, {"C:\\Users\\\u5f20\u664b\u5b66\\Desktop\\\u5929\u732b\\index.html": "GBK"}, {"C:\\Users\\\u5f20\u664b\u5b66\\Desktop\\js\\jisuanqi.html": "GBK"}, {"C:\\Users\\\u5f20\u664b\u5b66\\Desktop\\js\\DOM\\index.html": "EUC-JP"}, {"C:\\Users\\\u5f20\u664b\u5b66\\Desktop\\js\\\u5bf9\u8c61\\lei.html": "EUC-JP"}, {"E:\\sublime\\Data\\Packages\\XiaZaiBa\\Www.XiaZaiBa.Com": "GBK"}]